Price,Adj Close,Close,High,Low,Open,Volume
Ticker,CEG,CEG,CEG,CEG,CEG,CEG
Date,,,,,,
2022-01-19,40.60939407348633,42.0,43.0,38.0,38.0,129900
2022-01-20,43.51007080078125,45.0,48.369998931884766,40.95000076293945,40.95000076293945,153400
2022-01-21,43.51007080078125,45.0,49.95000076293945,42.95000076293945,43.0,329500
2022-01-24,41.382911682128906,42.79999923706055,45.0,41.880001068115234,44.91999816894531,110000
2022-01-25,40.51076889038086,41.89799880981445,44.91999816894531,41.33000183105469,42.5,23500
2022-01-26,41.78900146484375,43.220001220703125,45.060001373291016,42.25,45.0099983215332,90500
2022-01-27,44.244903564453125,45.7599983215332,49.619998931884766,43.75,47.2599983215332,151600
2022-01-28,45.20213317871094,46.75,47.599998474121094,44.150001525878906,44.54999923706055,43600
2022-01-31,46.41073989868164,48.0,48.0,46.0,46.0,71300
2022-02-01,48.13180160522461,49.779998779296875,50.0,47.04999923706055,47.5,298800
2022-02-02,51.25486373901367,53.0099983215332,56.22999954223633,49.79999923706055,50.03499984741211,23860900
2022-02-03,51.844669342041016,53.619998931884766,56.56999969482422,50.29999923706055,52.189998626708984,8425500
2022-02-04,48.47988510131836,50.13999938964844,54.33000183105469,50.119998931884766,52.599998474121094,6757800
2022-02-07,44.54463577270508,46.06999969482422,50.040000915527344,46.0,50.0,9432500
2022-02-08,43.99351119995117,45.5,47.560001373291016,44.16999816894531,45.130001068115234,7277500
2022-02-09,45.743587493896484,47.310001373291016,47.45000076293945,43.880001068115234,44.75,4393100
2022-02-10,45.492191314697266,47.04999923706055,48.5,45.380001068115234,45.5099983215332,2450000
2022-02-11,46.49775695800781,48.09000015258789,48.90999984741211,46.060001373291016,46.7599983215332,3456800
2022-02-14,46.5171012878418,48.11000061035156,49.0,46.9900016784668,48.189998626708984,2155000
2022-02-15,46.41073989868164,48.0,48.45000076293945,47.20000076293945,47.70000076293945,2359800
2022-02-16,45.63722610473633,47.20000076293945,48.470001220703125,46.95000076293945,47.720001220703125,5855300
2022-02-17,43.79046630859375,45.290000915527344,47.08000183105469,45.189998626708984,46.31999969482422,3142600
2022-02-18,43.906490325927734,45.40999984741211,45.900001525878906,44.79999923706055,45.150001525878906,2018700
2022-02-22,42.098411560058594,43.540000915527344,45.68000030517578,43.4900016784668,45.40999984741211,2611100
2022-02-23,41.663307189941406,43.09000015258789,43.9900016784668,42.18000030517578,43.689998626708984,2791200
2022-02-24,42.993263244628906,44.31999969482422,44.59000015258789,42.220001220703125,43.150001525878906,2447900
2022-02-25,42.59553527832031,43.90999984741211,44.93000030517578,43.7400016784668,44.29999923706055,2040700
2022-02-28,44.60356903076172,45.97999954223633,46.619998931884766,42.459999084472656,43.29999923706055,5534900
2022-03-01,46.35939025878906,47.790000915527344,48.04999923706055,45.349998474121094,45.619998931884766,4212900
2022-03-02,47.97939682006836,49.459999084472656,50.29999923706055,47.33000183105469,48.0,3517100
2022-03-03,48.037601470947266,49.52000045776367,50.33000183105469,47.547000885009766,49.81999969482422,2072200
2022-03-04,49.47330856323242,51.0,51.040000915527344,48.25,49.16999816894531,2544600
2022-03-07,50.10383987426758,51.650001525878906,52.58000183105469,49.869998931884766,51.060001373291016,2726900
2022-03-08,50.7537841796875,52.31999969482422,55.31999969482422,50.849998474121094,51.18000030517578,3873700
2022-03-09,49.79343032836914,51.33000183105469,53.68000030517578,50.59000015258789,52.439998626708984,3050600
2022-03-10,49.78371810913086,51.31999969482422,51.63999938964844,49.27000045776367,50.56999969482422,2692700
2022-03-11,47.843597412109375,49.31999969482422,51.84000015258789,48.290000915527344,51.41999816894531,3034100
2022-03-14,49.42479705810547,50.95000076293945,51.86000061035156,48.59000015258789,51.86000061035156,2916600
2022-03-15,49.75462341308594,51.290000915527344,51.59000015258789,49.900001525878906,51.34000015258789,2117400
2022-03-16,50.220245361328125,51.77000045776367,52.400001525878906,50.349998474121094,51.709999084472656,2989800
2022-03-17,49.46360778808594,50.9900016784668,52.709999084472656,50.90999984741211,51.880001068115234,2244600
2022-03-18,47.542869567871094,49.0099983215332,51.40999984741211,48.880001068115234,50.650001525878906,9663900
2022-03-21,47.746585845947266,49.220001220703125,49.43000030517578,48.599998474121094,48.90999984741211,2452000
2022-03-22,49.609107971191406,51.13999938964844,52.04999923706055,50.0099983215332,50.349998474121094,3841900
2022-03-23,49.46360778808594,50.9900016784668,51.77000045776367,50.70000076293945,50.70000076293945,2396200
2022-03-24,50.84109115600586,52.40999984741211,52.58000183105469,50.766998291015625,51.18000030517578,2335200
2022-03-25,52.18947982788086,53.79999923706055,53.81999969482422,52.029998779296875,52.2400016784668,2441200
2022-03-28,55.08027267456055,56.779998779296875,56.849998474121094,54.04999923706055,54.380001068115234,3127000
2022-03-29,54.64374542236328,56.33000183105469,57.38999938964844,54.630001068115234,57.0,2201300
2022-03-30,55.77872085571289,57.5,57.790000915527344,55.70000076293945,56.16999816894531,1934100
2022-03-31,54.566131591796875,56.25,59.08000183105469,55.779998779296875,58.34000015258789,3817600
2022-04-01,56.28316116333008,58.02000045776367,58.29999923706055,55.70000076293945,56.36000061035156,2156500
2022-04-04,56.63237380981445,58.380001068115234,58.70000076293945,57.529998779296875,58.36000061035156,1885100
2022-04-05,57.23381423950195,59.0,60.31999969482422,58.45000076293945,58.650001525878906,2143100
2022-04-06,57.81585693359375,59.599998474121094,60.08000183105469,58.369998931884766,58.900001525878906,2559400
2022-04-07,59.086631774902344,60.90999984741211,61.06999969482422,59.349998474121094,59.7599983215332,3925800
2022-04-08,62.10353469848633,64.0199966430664,64.9000015258789,60.900001525878906,61.220001220703125,4762100
2022-04-11,58.8635139465332,60.68000030517578,64.66200256347656,60.40999984741211,64.18000030517578,3487700
2022-04-12,60.01790237426758,61.869998931884766,63.209999084472656,60.880001068115234,61.0,2553000
2022-04-13,62.27815628051758,64.19999694824219,64.55000305175781,61.75,62.040000915527344,3405700
2022-04-14,60.677547454833984,62.54999923706055,64.72000122070312,62.180999755859375,64.12000274658203,1860100
2022-04-18,61.414791107177734,63.310001373291016,64.16999816894531,62.290000915527344,62.290000915527344,1216800
2022-04-19,64.71300506591797,66.70999908447266,66.88999938964844,62.880001068115234,63.630001068115234,2078800
2022-04-20,63.45193862915039,65.41000366210938,68.68000030517578,65.06500244140625,67.81999969482422,2182800
2022-04-21,60.7939453125,62.66999816894531,66.30000305175781,62.150001525878906,65.0,2493700
2022-04-22,60.56114196777344,62.43000030517578,64.45600128173828,62.290000915527344,62.5,2030500
2022-04-25,60.405941009521484,62.27000045776367,62.84000015258789,59.439998626708984,62.36000061035156,2261600
2022-04-26,58.15538024902344,59.95000076293945,62.220001220703125,59.90999984741211,61.79999923706055,2136500
2022-04-27,58.29118728637695,60.09000015258789,61.189998626708984,59.72999954223633,60.0099983215332,1991600
2022-04-28,59.47467041015625,61.310001373291016,61.349998474121094,58.79999923706055,60.220001220703125,3354600
2022-04-29,57.43752670288086,59.209999084472656,61.86000061035156,59.150001525878906,61.5,2578400
2022-05-02,56.45777130126953,58.20000076293945,59.9900016784668,56.900001525878906,59.29999923706055,2488200
2022-05-03,57.912864685058594,59.70000076293945,60.45000076293945,58.45000076293945,58.45000076293945,2224200
2022-05-04,59.95970153808594,61.810001373291016,62.29499816894531,59.84299850463867,60.119998931884766,2628900
2022-05-05,58.35908126831055,60.15999984741211,61.9900016784668,59.16999816894531,61.220001220703125,1946800
2022-05-06,58.465797424316406,60.27000045776367,61.22999954223633,58.70000076293945,60.2599983215332,2861000
2022-05-09,55.89512634277344,57.619998931884766,60.56999969482422,56.56999969482422,60.56999969482422,2193700
2022-05-10,55.332496643066406,57.040000915527344,59.869998931884766,56.73500061035156,58.25,2156200
2022-05-11,55.65262222290039,57.369998931884766,59.029998779296875,56.529998779296875,57.11000061035156,1877000
2022-05-12,51.99715042114258,53.470001220703125,57.849998474121094,53.08000183105469,57.310001373291016,3785600
2022-05-13,53.105751037597656,54.61000061035156,55.9010009765625,53.630001068115234,54.529998779296875,2317500
2022-05-16,55.03120803833008,56.59000015258789,57.130001068115234,54.34000015258789,54.41999816894531,1631900
2022-05-17,57.68601608276367,59.31999969482422,59.47999954223633,55.97999954223633,56.849998474121094,2215100
2022-05-18,55.70220947265625,57.279998779296875,60.255001068115234,56.93000030517578,59.41999816894531,4609100
2022-05-19,55.65358352661133,57.22999954223633,57.5099983215332,54.91999816894531,57.130001068115234,2181100
2022-05-20,55.08956527709961,56.650001525878906,58.939998626708984,55.4900016784668,57.5099983215332,2266200
2022-05-23,55.040931701660156,56.599998474121094,57.59000015258789,55.86000061035156,57.5,1581800
2022-05-24,55.21597671508789,56.779998779296875,57.36000061035156,55.06999969482422,56.54999923706055,1682300
2022-05-25,57.54014587402344,59.16999816894531,59.34000015258789,56.880001068115234,56.880001068115234,1974700
2022-05-26,60.74924087524414,62.470001220703125,63.042999267578125,59.16999816894531,59.18000030517578,3260100
2022-05-27,64.76548767089844,66.5999984741211,66.63999938964844,62.0,62.400001525878906,2793800
2022-05-31,60.36998748779297,62.08000183105469,66.38999938964844,61.369998931884766,65.54000091552734,7389300
2022-06-01,61.896751403808594,63.650001525878906,63.91999816894531,62.150001525878906,62.380001068115234,2008600
2022-06-02,61.99397659301758,63.75,64.12000274658203,61.97999954223633,63.689998626708984,1758500
2022-06-03,63.37487030029297,65.16999816894531,65.81999969482422,63.119998931884766,63.2599983215332,1793500
2022-06-06,64.56127166748047,66.38999938964844,66.94000244140625,65.38500213623047,65.56999969482422,2033200
2022-06-07,64.71687316894531,66.55000305175781,66.69999694824219,65.16100311279297,65.5199966430664,2721700
2022-06-08,62.98588562011719,64.7699966430664,66.47000122070312,63.130001068115234,66.44000244140625,1922200
2022-06-09,59.52395248413086,61.209999084472656,64.45999908447266,61.15999984741211,64.26000213623047,1811000
2022-06-10,58.14306640625,59.790000915527344,61.060001373291016,59.209999084472656,59.849998474121094,1540800
2022-06-13,53.951786041259766,55.47999954223633,58.9900016784668,55.20000076293945,58.27000045776367,2113200
2022-06-14,52.9404296875,54.439998626708984,56.47999954223633,53.31999969482422,56.029998779296875,2330400
2022-06-15,56.59687042236328,58.20000076293945,59.55500030517578,55.68000030517578,55.70000076293945,3891700
2022-06-16,56.655216217041016,58.2599983215332,58.349998474121094,56.08000183105469,56.33000183105469,4837000
2022-06-17,56.49961853027344,58.099998474121094,59.5,55.48500061035156,58.54999923706055,6478700
2022-06-21,58.71682357788086,60.380001068115234,60.939998626708984,58.099998474121094,58.099998474121094,4363600
2022-06-22,57.57904052734375,59.209999084472656,60.43000030517578,58.8650016784668,59.279998779296875,3233400
2022-06-23,57.03447723388672,58.650001525878906,61.22999954223633,57.790000915527344,59.880001068115234,2667600
2022-06-24,57.647117614746094,59.279998779296875,60.34000015258789,57.97999954223633,58.84000015258789,6473700
2022-06-27,57.783260345458984,59.41999816894531,59.87099838256836,58.41999816894531,59.119998931884766,1718900
2022-06-28,56.48017501831055,58.08000183105469,60.90999984741211,57.83000183105469,59.84000015258789,1401700
2022-06-29,55.73137664794922,57.310001373291016,58.154998779296875,56.31999969482422,57.959999084472656,1412200
2022-06-30,55.68275451660156,57.2599983215332,58.83399963378906,56.54999923706055,56.900001525878906,2424400
2022-07-01,56.013397216796875,57.599998474121094,58.09000015258789,56.619998931884766,56.720001220703125,1531900
2022-07-05,53.426666259765625,54.939998626708984,57.369998931884766,52.88999938964844,57.150001525878906,2696000
2022-07-06,55.196533203125,56.7599983215332,57.220001220703125,54.560001373291016,55.130001068115234,1716600
2022-07-07,57.4818000793457,59.11000061035156,59.900001525878906,57.56999969482422,57.56999969482422,1872100
2022-07-08,58.006927490234375,59.650001525878906,59.810001373291016,57.41999816894531,58.939998626708984,2096000
2022-07-11,58.19169616699219,59.84000015258789,60.13999938964844,58.40999984741211,59.650001525878906,1774700
2022-07-12,57.598487854003906,59.22999954223633,61.11000061035156,58.91999816894531,59.40999984741211,1808400
2022-07-13,58.17224884033203,59.81999969482422,60.279998779296875,58.150001525878906,58.150001525878906,1577200
2022-07-14,56.3245735168457,57.91999816894531,58.970001220703125,57.09000015258789,58.290000915527344,2608600
2022-07-15,54.12683868408203,55.65999984741211,56.645999908447266,52.63999938964844,54.959999084472656,5186100
2022-07-18,53.30024337768555,54.810001373291016,56.66999816894531,54.59000015258789,56.33000183105469,2583100
2022-07-19,53.48501205444336,55.0,55.5,54.16999816894531,55.439998626708984,2326200
2022-07-20,52.58062744140625,54.06999969482422,55.345001220703125,53.369998931884766,55.15999984741211,2803600
2022-07-21,52.668148040771484,54.15999984741211,54.85499954223633,53.310001373291016,53.86000061035156,1816800
2022-07-22,52.51255416870117,54.0,55.599998474121094,53.41999816894531,54.790000915527344,1503100
2022-07-25,53.44611358642578,54.959999084472656,55.060001373291016,53.369998931884766,53.97999954223633,1847700
2022-07-26,53.97124481201172,55.5,56.66999816894531,54.88999938964844,55.400001525878906,1993500
2022-07-27,54.00040817260742,55.529998779296875,55.7599983215332,54.18000030517578,55.029998779296875,1557200
2022-07-28,62.810848236083984,64.58999633789062,65.94000244140625,62.189998626708984,62.58000183105469,8460600
2022-07-29,64.27925872802734,66.0999984741211,66.5999984741211,63.63999938964844,63.849998474121094,3895200
2022-08-01,63.50129318237305,65.30000305175781,66.5999984741211,64.12999725341797,66.05000305175781,2735200
2022-08-02,64.02642059326172,65.83999633789062,66.79000091552734,64.98999786376953,65.30000305175781,1722900
2022-08-03,65.31978607177734,67.16999816894531,67.37999725341797,65.54000091552734,66.62999725341797,2286700
2022-08-04,65.60181427001953,67.45999908447266,68.37000274658203,65.51000213623047,65.51000213623047,2425900
2022-08-05,72.2533950805664,74.30000305175781,75.9800033569336,69.75,69.76000213623047,4216800
2022-08-08,73.7995834350586,75.88999938964844,77.62999725341797,74.97000122070312,77.01000213623047,3183600
2022-08-09,73.63427734375,75.72000122070312,76.7699966430664,75.0199966430664,75.75,2945700
2022-08-10,74.99569702148438,77.12000274658203,77.19999694824219,75.5,76.05000305175781,2134600
2022-08-11,76.65860748291016,78.83000183105469,80.05999755859375,76.68000030517578,77.12000274658203,2540200
2022-08-12,79.3970718383789,81.5,81.68000030517578,79.04000091552734,79.6500015258789,2170800
2022-08-15,79.10480499267578,81.19999694824219,82.43000030517578,80.25,80.25,1980100
2022-08-16,79.29966735839844,81.4000015258789,82.11000061035156,80.9000015258789,81.0999984741211,1878800
2022-08-17,77.64352416992188,79.69999694824219,81.44999694824219,79.0999984741211,80.41999816894531,2502200
2022-08-18,79.49449920654297,81.5999984741211,82.1449966430664,79.41999816894531,79.41999816894531,1939600
2022-08-19,78.75410461425781,80.83999633789062,81.27999877929688,79.8499984741211,80.30999755859375,1704000
2022-08-22,77.59481811523438,79.6500015258789,80.75,79.5199966430664,80.75,1724600
2022-08-23,77.69221496582031,79.75,80.88999938964844,79.5999984741211,80.2699966430664,1065800
2022-08-24,78.29622650146484,80.37000274658203,80.81500244140625,79.30999755859375,79.66000366210938,1430200
2022-08-25,80.60506439208984,82.73999786376953,82.83000183105469,79.76499938964844,80.01000213623047,1551700
2022-08-26,78.74436950683594,80.83000183105469,83.2300033569336,80.5999984741211,82.73999786376953,1641000
2022-08-29,78.90998077392578,81.0,81.98999786376953,79.1500015258789,79.6500015258789,1191200
2022-08-30,77.63378143310547,79.69000244140625,81.58000183105469,78.9800033569336,81.58000183105469,1802800
2022-08-31,79.48473358154297,81.58999633789062,82.38999938964844,79.56999969482422,80.26000213623047,3016500
2022-09-01,80.3907470703125,82.5199966430664,82.94000244140625,81.16000366210938,81.58999633789062,2421100
2022-09-02,78.9781723022461,81.06999969482422,83.69000244140625,80.95999908447266,82.58000183105469,2232200
2022-09-06,80.13745880126953,82.26000213623047,82.69999694824219,81.08000183105469,81.69999694824219,2013300
2022-09-07,80.76095581054688,82.9000015258789,84.45999908447266,81.68399810791016,82.5999984741211,1759100
2022-09-08,83.57637786865234,85.79000091552734,85.94999694824219,82.87000274658203,82.87000274658203,2184400
2022-09-09,85.25201416015625,87.51000213623047,87.80999755859375,85.43499755859375,86.5,1905300
2022-09-12,85.85599517822266,88.12999725341797,88.66000366210938,87.45999908447266,88.55999755859375,1733800
2022-09-13,84.15115356445312,86.37999725341797,88.02999877929688,85.7699966430664,86.9000015258789,1974200
2022-09-14,85.77806854248047,88.05000305175781,88.52999877929688,86.26000213623047,86.37999725341797,3600300
2022-09-15,84.56033325195312,86.80000305175781,88.26000213623047,86.30999755859375,87.87999725341797,3631800
2022-09-16,83.36205291748047,85.56999969482422,86.86000061035156,84.89299774169922,86.61000061035156,6245600
2022-09-19,87.05426788330078,89.36000061035156,89.69999694824219,85.25,85.4000015258789,4407400
2022-09-20,85.48580932617188,87.75,90.18000030517578,87.55999755859375,88.41000366210938,4626000
2022-09-21,85.02793884277344,87.27999877929688,90.08999633789062,87.2300033569336,88.79000091552734,2155100
2022-09-22,83.17695617675781,85.37999725341797,88.0,84.62999725341797,88.0,1863300
2022-09-23,81.68643951416016,83.8499984741211,84.33999633789062,82.15499877929688,83.78500366210938,2678800
2022-09-26,80.78043365478516,82.91999816894531,84.94999694824219,81.6500015258789,83.66999816894531,1973300
2022-09-27,81.80332946777344,83.97000122070312,85.41500091552734,83.08000183105469,83.69000244140625,1777800
2022-09-28,82.82624816894531,85.0199966430664,85.52999877929688,83.18000030517578,84.11000061035156,1564300
2022-09-29,80.8973388671875,83.04000091552734,86.20999908447266,82.06999969482422,85.05000305175781,1823700
2022-09-30,81.04346466064453,83.19000244140625,84.44999694824219,82.22000122070312,83.27999877929688,3267800
2022-10-03,84.35574340820312,86.58999633789062,86.91000366210938,83.87000274658203,85.02999877929688,2026700
2022-10-04,87.03478240966797,89.33999633789062,89.46499633789062,87.16000366210938,88.30000305175781,1679100
2022-10-05,85.89495849609375,88.16999816894531,89.47000122070312,85.58999633789062,87.68000030517578,1766700
2022-10-06,84.0537338256836,86.27999877929688,89.90899658203125,85.94999694824219,88.2300033569336,1677300
2022-10-07,82.21251678466797,84.38999938964844,85.75,83.37000274658203,85.70999908447266,2017200
2022-10-10,82.53400421142578,84.72000122070312,85.62999725341797,83.93000030517578,84.94999694824219,982800
2022-10-11,80.74147033691406,82.87999725341797,85.31999969482422,82.55000305175781,84.41000366210938,1534200
2022-10-12,80.0400619506836,82.16000366210938,83.58999633789062,81.68000030517578,83.11000061035156,1878400
2022-10-13,81.6572036743164,83.81999969482422,84.31999969482422,79.30000305175781,80.55999755859375,2746500
2022-10-14,79.16327667236328,81.26000213623047,84.76000213623047,80.70999908447266,84.20999908447266,1693300
2022-10-17,82.99185943603516,85.19000244140625,86.29000091552734,83.13999938964844,83.22000122070312,1678900
2022-10-18,84.2778091430664,86.51000213623047,87.4000015258789,84.51000213623047,86.5,1598900
2022-10-19,83.47895812988281,85.69000244140625,86.2300033569336,84.55999755859375,85.08999633789062,1325800
2022-10-20,82.37811279296875,84.55999755859375,86.7300033569336,84.18000030517578,86.37000274658203,2076500
2022-10-21,85.02793884277344,87.27999877929688,87.45999908447266,83.66000366210938,84.69999694824219,1749200
2022-10-24,85.32020568847656,87.58000183105469,87.70999908447266,85.56999969482422,87.56800079345703,1325000
2022-10-25,85.87549591064453,88.1500015258789,88.55999755859375,86.75,87.5,1647200
2022-10-26,86.48921966552734,88.77999877929688,89.68000030517578,87.33000183105469,89.68000030517578,1370100
2022-10-27,90.6393051147461,93.04000091552734,93.13999938964844,89.80500030517578,89.80500030517578,3345800
2022-10-28,91.33098602294922,93.75,95.25199890136719,91.81999969482422,92.88999938964844,1958000
2022-10-31,92.10061645507812,94.54000091552734,95.41999816894531,93.375,94.13999938964844,2276600
2022-11-01,93.0553207397461,95.5199966430664,96.23999786376953,94.00499725341797,95.23999786376953,1467400
2022-11-02,90.68801879882812,93.08999633789062,96.29000091552734,92.9800033569336,94.68000030517578,1966100
2022-11-03,91.97396850585938,94.41000366210938,95.44999694824219,92.16000366210938,92.16000366210938,1484400
2022-11-04,91.88629150390625,94.31999969482422,96.20999908447266,92.74500274658203,95.08999633789062,1974300
2022-11-07,91.08743286132812,93.5,95.05999755859375,92.95999908447266,95.05999755859375,2120300
2022-11-08,85.28123474121094,87.54000091552734,93.1050033569336,86.08000183105469,89.55999755859375,4345400
2022-11-09,85.09613800048828,87.3499984741211,89.91999816894531,86.33000183105469,87.0,2241500
2022-11-10,92.68511962890625,95.13999938964844,95.83999633789062,88.19999694824219,90.5,4885600
2022-11-11,89.92813873291016,92.30999755859375,95.87000274658203,91.6050033569336,95.29000091552734,3133200
2022-11-14,91.63658905029297,93.91999816894531,94.72000122070312,92.0,92.0,1997000
2022-11-15,91.2267837524414,93.5,94.75,92.6500015258789,94.51000213623047,2537200
2022-11-16,89.45103454589844,91.68000030517578,94.5199966430664,91.27999877929688,94.30999755859375,1384600
2022-11-17,87.86067962646484,90.05000305175781,91.45999908447266,88.87000274658203,90.43000030517578,1792500
2022-11-18,91.0316390991211,93.30000305175781,93.44000244140625,90.0260009765625,90.12000274658203,2515700
2022-11-21,91.11945343017578,93.38999938964844,94.22000122070312,92.76000213623047,94.06999969482422,1744800
2022-11-22,93.92943572998047,96.2699966430664,96.36000061035156,94.08999633789062,94.55999755859375,1567600
2022-11-23,94.27094268798828,96.62000274658203,97.88999938964844,94.41500091552734,96.02999877929688,1135900
2022-11-25,94.79781341552734,97.16000366210938,97.44999694824219,96.0,96.5999984741211,631700
2022-11-28,92.50494384765625,94.80999755859375,96.58999633789062,94.37999725341797,96.06999969482422,1590100
2022-11-29,92.13416290283203,94.43000030517578,95.11000061035156,93.31999969482422,94.69000244140625,1436200
2022-11-30,93.78309631347656,96.12000274658203,96.94000244140625,93.76000213623047,94.13999938964844,3361800
2022-12-01,92.1731948852539,94.47000122070312,97.77999877929688,93.87999725341797,97.0,1748600
2022-12-02,89.80229187011719,92.04000091552734,93.48999786376953,91.04000091552734,92.98999786376953,1848700
2022-12-05,87.87041473388672,90.05999755859375,91.61000061035156,89.80000305175781,91.01000213623047,2397000
2022-12-06,88.57291412353516,90.77999877929688,90.87999725341797,89.80000305175781,89.86000061035156,1237500
2022-12-07,89.7339859008789,91.97000122070312,93.19999694824219,90.58999633789062,90.87999725341797,1237200
2022-12-08,89.18759155273438,91.41000366210938,92.98500061035156,90.93000030517578,92.33000183105469,1002400
2022-12-09,87.53868103027344,89.72000122070312,91.86000061035156,89.69000244140625,91.36000061035156,1384600
2022-12-12,88.67049407958984,90.87999725341797,90.91999816894531,89.06999969482422,89.9800033569336,1554100
2022-12-13,88.63146209716797,90.83999633789062,92.70999908447266,90.38999938964844,91.9800033569336,1629900
2022-12-14,88.6412124633789,90.8499984741211,92.29000091552734,89.87999725341797,91.54000091552734,2561600
2022-12-15,87.5191650390625,89.69999694824219,90.8499984741211,89.43000030517578,90.80999755859375,2245100
2022-12-16,86.05563354492188,88.19999694824219,88.5999984741211,85.93000030517578,88.1500015258789,3911700
2022-12-19,85.59707641601562,87.7300033569336,88.66999816894531,87.0,88.37999725341797,1238100
2022-12-20,85.43122100830078,87.55999755859375,88.12000274658203,87.125,88.0,1306600
2022-12-21,87.47038269042969,89.6500015258789,90.16999816894531,86.70999908447266,87.98999786376953,1409500
2022-12-22,85.20679473876953,87.33000183105469,89.375,86.52999877929688,89.12999725341797,1548300
2022-12-23,85.89952850341797,88.04000091552734,88.2300033569336,87.12999725341797,87.5199966430664,600700
2022-12-27,85.50926971435547,87.63999938964844,88.91000366210938,87.2699966430664,88.44000244140625,634400
2022-12-28,84.50431060791016,86.61000061035156,88.33999633789062,86.41999816894531,87.94999694824219,752000
2022-12-29,84.6604232788086,86.7699966430664,87.69000244140625,86.27999877929688,87.16000366210938,870800
2022-12-30,84.1140365600586,86.20999908447266,86.5999984741211,85.12000274658203,86.5999984741211,1343300
2023-01-03,79.9185791015625,81.91000366210938,86.12000274658203,80.79000091552734,86.0,4030600
2023-01-04,81.38209533691406,83.41000366210938,83.73999786376953,81.29000091552734,81.94999694824219,2612200
2023-01-05,80.40641021728516,82.41000366210938,83.91999816894531,81.88500213623047,82.91999816894531,1906300
2023-01-06,81.46990966796875,83.5,85.16000366210938,83.08000183105469,83.62000274658203,1914100
2023-01-09,81.957763671875,84.0,85.20999908447266,83.58000183105469,83.8499984741211,1301500
2023-01-10,81.06012725830078,83.08000183105469,83.48999786376953,81.58000183105469,83.4000015258789,1376700
2023-01-11,82.06509399414062,84.11000061035156,84.375,82.44000244140625,83.0,1696200
2023-01-12,82.28948211669922,84.33999633789062,84.80000305175781,82.7699966430664,83.87999725341797,1496700
2023-01-13,83.08954620361328,85.16000366210938,85.70500183105469,83.44999694824219,83.80999755859375,1366200
2023-01-17,81.34307098388672,83.37000274658203,85.0199966430664,83.0,83.93000030517578,2763600
2023-01-18,79.86002349853516,81.8499984741211,84.51000213623047,81.7699966430664,83.31999969482422,2084900
2023-01-19,78.87458038330078,80.83999633789062,81.79000091552734,80.75499725341797,81.5999984741211,1635500
2023-01-20,80.9820785522461,83.0,83.0999984741211,80.44999694824219,81.12000274658203,1795100
2023-01-23,82.0943603515625,84.13999938964844,84.29000091552734,82.55799865722656,82.93000030517578,1596200
2023-01-24,81.86994934082031,83.91000366210938,84.2300033569336,82.9800033569336,84.0,1176000
2023-01-25,81.37236022949219,83.4000015258789,83.55999755859375,82.48999786376953,83.41999816894531,1535200
2023-01-26,83.79206085205078,85.87999725341797,86.06999969482422,83.27999877929688,83.62999725341797,2161100
2023-01-27,84.47502899169922,86.58000183105469,86.66000366210938,84.83999633789062,85.87999725341797,1455100
2023-01-30,80.39665222167969,82.4000015258789,86.8499984741211,82.25,85.91999816894531,3045800
2023-01-31,83.28470611572266,85.36000061035156,85.5,82.37999725341797,82.87999725341797,2509000
2023-02-01,83.3334732055664,85.41000366210938,85.87000274658203,82.875,85.45500183105469,2623400
2023-02-02,83.25542449951172,85.33000183105469,86.68000030517578,83.75499725341797,85.4800033569336,2389600
2023-02-03,81.17720794677734,83.19999694824219,85.16000366210938,83.05000305175781,84.37999725341797,1807200
2023-02-06,81.23576354980469,83.26000213623047,83.8499984741211,82.51000213623047,83.01000213623047,1502000
2023-02-07,83.8408432006836,85.93000030517578,86.2699966430664,82.33000183105469,83.33000183105469,2032900
2023-02-08,82.28948211669922,84.33999633789062,85.0,84.13999938964844,84.75,2005900
2023-02-09,82.36753845214844,84.41999816894531,85.45999908447266,83.93000030517578,84.93000030517578,1975000
2023-02-10,84.69943237304688,86.80999755859375,87.0,84.16999816894531,84.20999908447266,1350300
2023-02-13,84.28965759277344,86.38999938964844,87.30000305175781,85.94000244140625,86.88999938964844,1173500
2023-02-14,83.96766662597656,86.05999755859375,87.60199737548828,85.1500015258789,85.91999816894531,2383100
2023-02-15,83.91889190673828,86.01000213623047,86.48500061035156,84.36000061035156,84.5,2030600
2023-02-16,83.54813385009766,85.62999725341797,87.91999816894531,84.92500305175781,85.0,3037600
2023-02-17,82.49440002441406,84.55000305175781,86.04000091552734,81.9000015258789,85.19999694824219,3570700
2023-02-21,78.41600036621094,80.37000274658203,83.01000213623047,79.9000015258789,81.61000061035156,5056000
2023-02-22,75.90850067138672,77.80000305175781,79.30999755859375,76.4000015258789,79.30999755859375,3341000
2023-02-23,77.2939682006836,79.22000122070312,79.44499969482422,78.0,78.0,1584900
2023-02-24,77.61904907226562,79.2699966430664,79.41000366210938,77.4800033569336,77.7300033569336,1529100
2023-02-27,76.73779296875,78.37000274658203,80.0999984741211,77.99500274658203,79.41999816894531,1326200
2023-02-28,73.33028411865234,74.88999938964844,77.98999786376953,74.4000015258789,77.80999755859375,3584800
2023-03-01,72.80152130126953,74.3499984741211,75.38999938964844,72.83000183105469,74.12999725341797,2594400
2023-03-02,74.59342193603516,76.18000030517578,76.7300033569336,74.0,74.12999725341797,1949900
2023-03-03,77.3350830078125,78.9800033569336,79.19999694824219,76.0,76.2300033569336,2304600
2023-03-06,77.15885162353516,78.80000305175781,78.87999725341797,77.3499984741211,78.36000061035156,2295000
2023-03-07,76.277587890625,77.9000015258789,79.06999969482422,77.31999969482422,79.06999969482422,2203900
2023-03-08,76.44404602050781,78.06999969482422,78.44999694824219,77.0999984741211,77.75,1261600
2023-03-09,77.0021743774414,78.63999938964844,80.19000244140625,77.4000015258789,78.04000091552734,3110500
2023-03-10,75.93487548828125,77.55000305175781,79.77999877929688,77.23999786376953,79.19000244140625,2895700
2023-03-13,75.4942398071289,77.0999984741211,78.6050033569336,76.48999786376953,76.93000030517578,2242400
2023-03-14,76.30695343017578,77.93000030517578,79.0999984741211,77.16999816894531,77.5,2142800
2023-03-15,75.71946716308594,77.33000183105469,77.87999725341797,76.3499984741211,77.29000091552734,1957000
2023-03-16,76.79654693603516,78.43000030517578,79.04000091552734,76.02999877929688,76.62000274658203,1962900
2023-03-17,75.1711196899414,76.7699966430664,78.45999908447266,75.98500061035156,77.72000122070312,3896500
2023-03-20,75.39633178710938,77.0,78.43000030517578,76.91000366210938,77.05999755859375,1629500
2023-03-21,74.92632293701172,76.5199966430664,78.11000061035156,75.97000122070312,77.58000183105469,2045700
2023-03-22,72.87004852294922,74.41999816894531,76.33000183105469,74.4000015258789,76.2699966430664,1863400
2023-03-23,71.87129974365234,73.4000015258789,75.12999725341797,72.7699966430664,74.66999816894531,1655400
2023-03-24,71.91047668457031,73.44000244140625,73.5199966430664,71.16000366210938,72.55999755859375,2777200
2023-03-27,73.70235443115234,75.2699966430664,75.42500305175781,73.44000244140625,73.44000244140625,3225500
2023-03-28,73.9373779296875,75.51000213623047,76.80999755859375,74.85399627685547,75.06999969482422,1752200
2023-03-29,74.29965209960938,75.87999725341797,76.55999755859375,75.42500305175781,76.29000091552734,2299500
2023-03-30,75.22008514404297,76.81999969482422,77.44000244140625,76.0,76.69000244140625,1737800
2023-03-31,76.86510467529297,78.5,78.5999984741211,76.7300033569336,76.81999969482422,2984400
2023-04-03,75.02424621582031,76.62000274658203,78.55000305175781,76.4800033569336,78.0,1894900
2023-04-04,74.43675231933594,76.0199966430664,76.97000122070312,75.12000274658203,76.66999816894531,1316200
2023-04-05,74.90674591064453,76.5,77.12000274658203,75.68000030517578,75.87999725341797,1204800
2023-04-06,75.35716247558594,76.95999908447266,76.9800033569336,76.16000366210938,76.61000061035156,1223000
2023-04-10,75.71946716308594,77.33000183105469,77.37000274658203,75.86000061035156,76.52999877929688,1485500
2023-04-11,75.80757904052734,77.41999816894531,77.80999755859375,77.17500305175781,77.76000213623047,1371500
2023-04-12,75.21028900146484,76.80999755859375,77.94999694824219,76.66000366210938,77.93000030517578,1171100
2023-04-13,75.53340911865234,77.13999938964844,77.58999633789062,76.16999816894531,76.69000244140625,1324700
2023-04-14,74.83819580078125,76.43000030517578,76.63500213623047,75.5,76.31999969482422,1328400
2023-04-17,73.4771499633789,75.04000091552734,76.82499694824219,74.66000366210938,76.58000183105469,1093300
2023-04-18,72.92881774902344,74.4800033569336,75.94999694824219,74.16999816894531,75.33999633789062,1235200
2023-04-19,73.19318389892578,74.75,75.4000015258789,74.50299835205078,74.97000122070312,1039300
2023-04-20,74.87736511230469,76.47000122070312,76.56999969482422,74.69000244140625,74.73999786376953,1926900
2023-04-21,74.95570373535156,76.55000305175781,76.96499633789062,75.95999908447266,76.81999969482422,1178900
2023-04-24,75.68029022216797,77.29000091552734,77.33499908447266,75.5999984741211,76.43000030517578,1094300
2023-04-25,75.3277816772461,76.93000030517578,77.13999938964844,75.83999633789062,76.63999938964844,1722400
2023-04-26,74.28006744384766,75.86000061035156,76.97000122070312,75.45999908447266,76.51000213623047,3100600
2023-04-27,75.15154266357422,76.75,77.23999786376953,75.9800033569336,76.2699966430664,1865700
2023-04-28,75.78800201416016,77.4000015258789,77.47000122070312,76.30000305175781,76.9000015258789,2233400
2023-05-01,75.4452896118164,77.05000305175781,77.6500015258789,76.76000213623047,77.5199966430664,1788300
2023-05-02,75.19071197509766,76.79000091552734,77.4000015258789,75.94999694824219,76.7300033569336,2554000
2023-05-03,74.91653442382812,76.51000213623047,77.5999984741211,76.1500015258789,77.19999694824219,1607000
2023-05-04,76.9532241821289,78.58999633789062,80.37000274658203,74.91000366210938,76.9800033569336,3830400
2023-05-05,77.83447265625,79.48999786376953,80.44999694824219,78.27999877929688,79.12000274658203,2359300
2023-05-08,77.07071685791016,78.70999908447266,79.8499984741211,78.08000183105469,79.73999786376953,2360100
2023-05-09,77.30570983886719,78.94999694824219,79.0999984741211,77.80999755859375,77.9800033569336,3158300
2023-05-10,77.80020141601562,79.45500183105469,80.12000274658203,78.74500274658203,79.8499984741211,1629400
2023-05-11,77.74811553955078,79.12000274658203,79.55000305175781,78.23999786376953,78.58000183105469,2497400
2023-05-12,78.46546173095703,79.8499984741211,80.38999938964844,78.86000061035156,79.44999694824219,1991000
2023-05-15,78.87818145751953,80.2699966430664,81.08999633789062,79.18000030517578,80.62999725341797,2048300
2023-05-16,77.63019561767578,79.0,80.19000244140625,78.33000183105469,80.19000244140625,3709100
2023-05-17,78.99610137939453,80.38999938964844,80.62999725341797,78.70999908447266,79.08999633789062,2329500
2023-05-18,79.98857879638672,81.4000015258789,81.47000122070312,79.56199645996094,80.2699966430664,2849300
2023-05-19,80.87299346923828,82.30000305175781,83.23500061035156,81.52999877929688,81.7300033569336,2444800
2023-05-22,82.08165740966797,83.52999877929688,83.95999908447266,82.30999755859375,82.7300033569336,1908300
2023-05-23,82.58282470703125,84.04000091552734,84.55999755859375,83.16500091552734,83.36000061035156,2232200
2023-05-24,81.86546325683594,83.30999755859375,84.37000274658203,82.55000305175781,84.04000091552734,2430300
2023-05-25,81.315185546875,82.75,83.19999694824219,81.9000015258789,83.19999694824219,1863100
2023-05-26,82.39611053466797,83.8499984741211,83.94999694824219,82.30999755859375,82.94999694824219,2267100
2023-05-30,82.24871063232422,83.69999694824219,85.04499816894531,83.13500213623047,83.86000061035156,2198200
2023-05-31,82.56315612792969,84.0199966430664,84.55000305175781,82.44999694824219,83.52999877929688,5214700
2023-06-01,87.33888244628906,88.87999725341797,89.16200256347656,84.79000091552734,84.875,3646900
2023-06-02,86.0221176147461,87.54000091552734,89.05000305175781,87.2699966430664,88.66000366210938,3225600
2023-06-05,85.99266052246094,87.51000213623047,88.80999755859375,87.18000030517578,87.81999969482422,1819000
2023-06-06,87.99727630615234,89.55000305175781,89.88999938964844,87.13999938964844,87.13999938964844,2311500
2023-06-07,89.23542022705078,90.80999755859375,90.87999725341797,89.12999725341797,89.55000305175781,2452100
2023-06-08,90.69959259033203,92.30000305175781,92.46800231933594,91.05999755859375,91.48999786376953,3075700
2023-06-09,91.67242431640625,93.29000091552734,93.7699966430664,92.08999633789062,92.30000305175781,2530100
2023-06-12,92.12444305419922,93.75,94.0199966430664,92.87999725341797,93.0,1720700
2023-06-13,92.61578369140625,94.25,95.33000183105469,93.58999633789062,93.95999908447266,2429900
2023-06-14,91.583984375,93.19999694824219,95.0,92.7699966430664,94.52999877929688,2573200
2023-06-15,91.8394775390625,93.45999908447266,93.75,92.95999908447266,93.72000122070312,3712300
2023-06-16,91.27935791015625,92.88999938964844,94.5199966430664,92.73999786376953,93.58999633789062,4963400
2023-06-20,90.39495849609375,91.98999786376953,93.36000061035156,91.88999938964844,93.12999725341797,1846900
2023-06-21,88.93080139160156,90.5,91.03500366210938,89.18499755859375,90.87999725341797,2684900
2023-06-22,87.70247650146484,89.25,90.68499755859375,87.86499786376953,90.5,3205600
2023-06-23,88.79322052001953,90.36000061035156,90.69999694824219,89.12000274658203,89.63999938964844,2875900
2023-06-26,89.05854034423828,90.62999725341797,91.19999694824219,89.69000244140625,90.25,1890400
2023-06-27,89.27472686767578,90.8499984741211,91.01499938964844,89.9800033569336,90.97000122070312,1472800
2023-06-28,88.97992706298828,90.55000305175781,90.9000015258789,89.70999908447266,90.9000015258789,1605400
2023-06-29,89.29439544677734,90.87000274658203,91.34500122070312,90.13999938964844,90.51000213623047,1738700
2023-06-30,89.96260070800781,91.55000305175781,92.29000091552734,91.04000091552734,92.05000305175781,2667100
2023-07-03,90.01171875,91.5999984741211,91.73999786376953,90.33000183105469,91.01000213623047,1089100
2023-07-05,90.54236602783203,92.13999938964844,93.20999908447266,91.3499984741211,91.41999816894531,2087300
2023-07-06,89.42212677001953,91.0,91.47000122070312,89.8499984741211,91.47000122070312,2263300
2023-07-07,89.74641418457031,91.33000183105469,91.70999908447266,90.66000366210938,91.0,1334000
2023-07-10,91.97705078125,93.5999984741211,93.62999725341797,91.37999725341797,91.37999725341797,1539300
2023-07-11,92.72386932373047,94.36000061035156,94.43000030517578,92.86000061035156,93.83999633789062,1260900
2023-07-12,94.3943862915039,96.05999755859375,96.16000366210938,94.08000183105469,94.94000244140625,1532600
2023-07-13,93.61808776855469,95.2699966430664,96.06999969482422,94.87999725341797,95.8499984741211,1462400
2023-07-14,93.352783203125,95.0,95.53500366210938,94.6989974975586,94.88999938964844,1259900
2023-07-17,94.51232147216797,96.18000030517578,96.91999816894531,94.47000122070312,94.47000122070312,1951400
2023-07-18,93.71636199951172,95.37000274658203,96.6500015258789,93.88999938964844,96.0,1925300
2023-07-19,93.08744812011719,94.7300033569336,95.54000091552734,93.93000030517578,94.83000183105469,1785300
2023-07-20,95.20999908447266,96.88999938964844,97.31999969482422,95.23999786376953,95.5,1600300
2023-07-21,94.9250259399414,96.5999984741211,98.1500015258789,96.30999755859375,97.58000183105469,5081100
2023-07-24,94.87589263916016,96.55000305175781,96.80999755859375,95.76000213623047,96.5999984741211,1077800
2023-07-25,95.82907104492188,97.5199966430664,98.16000366210938,95.9000015258789,95.94999694824219,854800
2023-07-26,95.6521987915039,97.33999633789062,98.23999786376953,96.66999816894531,96.66999816894531,1243000
2023-07-27,93.7655029296875,95.41999816894531,97.75,95.19999694824219,97.7300033569336,897900
2023-07-28,94.0799331665039,95.73999786376953,96.66000366210938,95.26000213623047,96.26000213623047,1135900
2023-07-31,94.97418212890625,96.6500015258789,96.69000244140625,95.4000015258789,95.83999633789062,1170200
2023-08-01,94.63024139404297,96.30000305175781,97.08999633789062,96.06999969482422,96.23999786376953,1469600
2023-08-02,93.89324188232422,95.55000305175781,96.0250015258789,94.43000030517578,95.98999786376953,2040300
2023-08-03,99.38630676269531,101.13999938964844,103.5739974975586,95.76000213623047,95.97000122070312,3511000
2023-08-04,102.13776397705078,103.94000244140625,104.70500183105469,101.79000091552734,101.91999816894531,2723600
2023-08-07,101.95106506347656,103.75,104.6500015258789,102.7750015258789,104.58000183105469,1759800
2023-08-08,102.99266815185547,104.80999755859375,104.93000030517578,102.95999908447266,102.95999908447266,1207300
2023-08-09,103.28746795654297,105.11000061035156,105.9000015258789,104.30799865722656,104.62000274658203,1646700
2023-08-10,103.88689422607422,105.72000122070312,106.8499984741211,105.11000061035156,105.97000122070312,1563700
2023-08-11,104.99238586425781,106.55999755859375,106.71700286865234,104.98999786376953,105.44000244140625,1414100
2023-08-14,105.42591094970703,107.0,107.5999984741211,105.71299743652344,106.45999908447266,2404000
2023-08-15,104.67709350585938,106.23999786376953,106.58499908447266,105.62000274658203,106.38999938964844,1709600
2023-08-16,103.55387115478516,105.0999984741211,106.44999694824219,105.0,106.4000015258789,1835200
2023-08-17,103.27798461914062,104.81999969482422,106.1449966430664,104.56999969482422,105.4800033569336,1800600
2023-08-18,103.22872924804688,104.7699966430664,105.54000091552734,104.51000213623047,104.52999877929688,1669000
2023-08-21,104.54901123046875,106.11000061035156,106.45600128173828,104.27999877929688,104.5999984741211,1377000
2023-08-22,104.6968002319336,106.26000213623047,106.54499816894531,105.51000213623047,105.66000366210938,1276900
2023-08-23,106.84473419189453,108.44000244140625,109.26000213623047,106.94999694824219,106.94999694824219,1393500
2023-08-24,105.34709167480469,106.91999816894531,110.25,106.83999633789062,108.9000015258789,1498700
2023-08-25,104.31254577636719,105.87000274658203,107.44000244140625,105.56999969482422,106.81999969482422,1383800
2023-08-28,103.81990051269531,105.37000274658203,107.3499984741211,105.2300033569336,106.30500030517578,1088000
2023-08-29,103.98739624023438,105.54000091552734,106.16999816894531,104.80000305175781,105.2300033569336,1131500
2023-08-30,104.1844482421875,105.73999786376953,106.26799774169922,105.08999633789062,105.33999633789062,1167400
2023-08-31,102.62769317626953,104.16000366210938,106.08999633789062,103.7699966430664,105.94999694824219,2035500
2023-09-01,105.7116470336914,107.29000091552734,107.41000366210938,105.19999694824219,105.62999725341797,1338800
2023-09-05,104.4898910522461,106.05000305175781,106.7300033569336,105.1510009765625,106.55000305175781,1433200
2023-09-06,105.07120513916016,106.63999938964844,107.79000091552734,105.98999786376953,106.33000183105469,1337800
2023-09-07,106.94326782226562,108.54000091552734,110.95500183105469,107.18000030517578,107.86000061035156,1951100
2023-09-08,107.04179382324219,108.63999938964844,109.66000366210938,108.2300033569336,108.2300033569336,1428100
2023-09-11,108.36207580566406,109.9800033569336,110.39700317382812,108.6500015258789,108.80000305175781,1820700
2023-09-12,106.90384674072266,108.5,110.09500122070312,108.1500015258789,109.54000091552734,1557100
2023-09-13,107.66252136230469,109.2699966430664,110.08999633789062,108.51000213623047,108.77999877929688,1894600
2023-09-14,110.80560302734375,112.45999908447266,112.62000274658203,109.5250015258789,109.76000213623047,2308300
2023-09-15,108.31281280517578,109.93000030517578,112.68000030517578,109.80000305175781,112.45999908447266,4287700
2023-09-18,109.11089324951172,110.73999786376953,112.25,110.41000366210938,110.43000030517578,1358500
2023-09-19,108.9138412475586,110.54000091552734,111.37999725341797,110.30000305175781,111.08999633789062,1972100
2023-09-20,108.50988006591797,110.12999725341797,111.18000030517578,109.91000366210938,110.93000030517578,924500
2023-09-21,108.32267761230469,109.94000244140625,110.63999938964844,109.51000213623047,109.62999725341797,1443800
2023-09-22,108.73648834228516,110.36000061035156,110.73999786376953,108.61499786376953,109.45999908447266,1210500
2023-09-25,110.55927276611328,112.20999908447266,112.91999816894531,109.49500274658203,109.72000122070312,2115200
2023-09-26,106.89398956298828,108.48999786376953,111.71499633789062,107.93000030517578,111.66000366210938,2309700
2023-09-27,109.1207504272461,110.75,111.29000091552734,108.9800033569336,108.9800033569336,2819500
2023-09-28,107.71178436279297,109.31999969482422,110.9800033569336,108.83499908447266,110.7699966430664,1550700
2023-09-29,107.4753189086914,109.08000183105469,110.70999908447266,108.63999938964844,110.04000091552734,2867500
2023-10-02,103.1893081665039,104.7300033569336,108.30000305175781,102.76000213623047,108.30000305175781,2892500
2023-10-03,103.34695434570312,104.88999938964844,104.91999816894531,102.40499877929688,103.20999908447266,2557000
2023-10-04,104.5982666015625,106.16000366210938,106.5999984741211,104.2249984741211,104.63999938964844,1973900
2023-10-05,106.29296875,107.87999725341797,108.5,106.61000061035156,106.9800033569336,1589200
2023-10-06,108.5492935180664,110.16999816894531,110.58000183105469,105.12999725341797,106.55000305175781,2095800
2023-10-09,109.74149322509766,111.37999725341797,111.48699951171875,109.97000122070312,110.16999816894531,1258400
2023-10-10,111.33765411376953,113.0,113.48999786376953,110.95999908447266,110.95999908447266,1464400
2023-10-11,113.37720489501953,115.06999969482422,115.1780014038086,113.30999755859375,113.91000366210938,1353300
2023-10-12,114.01763153076172,115.72000122070312,116.16000366210938,114.45999908447266,114.91000366210938,1299700
2023-10-13,112.01750946044922,113.69000244140625,117.38999938964844,112.98999786376953,116.7699966430664,1699400
2023-10-16,115.11131286621094,116.83000183105469,117.12000274658203,114.61000061035156,114.7699966430664,1701700
2023-10-17,115.42660522460938,117.1500015258789,117.98999786376953,115.70999908447266,116.05000305175781,1214600
2023-10-18,114.36249542236328,116.06999969482422,118.6449966430664,115.80999755859375,117.33000183105469,1050700
2023-10-19,112.60868835449219,114.29000091552734,116.61000061035156,114.11000061035156,116.0,981000
2023-10-20,110.45088958740234,112.0999984741211,114.79000091552734,111.91999816894531,114.11000061035156,1654400
2023-10-23,110.46075439453125,112.11000061035156,113.02999877929688,110.39900207519531,111.83000183105469,950800
2023-10-24,112.58897399902344,114.2699966430664,115.30000305175781,113.26000213623047,113.26000213623047,1930900
2023-10-25,110.38192749023438,112.02999877929688,114.2699966430664,111.66999816894531,114.2300033569336,1575000
2023-10-26,111.06178283691406,112.72000122070312,113.02999877929688,111.13999938964844,112.0,1652700
2023-10-27,109.15030670166016,110.77999877929688,113.36000061035156,109.89299774169922,113.0,1128700
2023-10-30,111.3672103881836,113.02999877929688,113.2300033569336,111.50499725341797,111.86000061035156,1271600
2023-10-31,111.2588119506836,112.91999816894531,113.51000213623047,111.16999816894531,113.12000274658203,1942000
2023-11-01,113.16043853759766,114.8499984741211,115.37999725341797,112.83000183105469,113.58999633789062,2751300
2023-11-02,115.46602630615234,117.19000244140625,117.9000015258789,114.37999725341797,114.91000366210938,1894600
2023-11-03,115.34778594970703,117.06999969482422,118.66999816894531,116.8499984741211,118.6500015258789,1853200
2023-11-06,122.89509582519531,124.7300033569336,125.6240005493164,118.05999755859375,118.98999786376953,2530800
2023-11-07,118.1065902709961,119.87000274658203,124.9739990234375,118.66000366210938,124.44000244140625,2271500
2023-11-08,119.39730834960938,121.18000030517578,121.4800033569336,118.96499633789062,120.41999816894531,1730200
2023-11-09,118.85540771484375,120.62999725341797,124.3550033569336,120.5199966430664,121.58999633789062,1603200
2023-11-10,119.97862243652344,121.7699966430664,122.7249984741211,121.3759994506836,121.44999694824219,1219700
2023-11-13,119.92936706542969,121.72000122070312,122.23600006103516,120.91000366210938,121.37999725341797,891600
2023-11-14,124.65875244140625,126.5199966430664,126.70999908447266,123.37999725341797,124.05000305175781,1433300
2023-11-15,120.19539642333984,121.98999786376953,127.23999786376953,121.69000244140625,126.58000183105469,1982200
2023-11-16,120.15786743164062,121.66999816894531,123.83000183105469,121.51000213623047,123.0,1474500
2023-11-17,120.17762756347656,121.69000244140625,123.5199966430664,121.5999984741211,122.19999694824219,1487900
2023-11-20,120.76028442382812,122.27999877929688,122.8499984741211,121.4800033569336,122.44999694824219,1041600
2023-11-21,120.98743438720703,122.51000213623047,123.18000030517578,121.8499984741211,122.9000015258789,984700
2023-11-22,121.7182388305664,123.25,123.83999633789062,121.9749984741211,122.9000015258789,1376700
2023-11-24,122.32064819335938,123.86000061035156,124.30000305175781,123.05000305175781,123.06999969482422,532500
2023-11-27,123.54523468017578,125.0999984741211,125.37999725341797,123.37000274658203,123.93000030517578,1073200
2023-11-28,122.90331268310547,124.44999694824219,126.5,123.76000213623047,124.9800033569336,2003000
2023-11-29,119.08141326904297,120.58000183105469,123.94000244140625,119.76000213623047,123.55000305175781,2078800
2023-11-30,119.53569793701172,121.04000091552734,121.86000061035156,120.51499938964844,120.58999633789062,2650000
2023-12-01,118.39012145996094,119.87999725341797,120.94000244140625,119.6500015258789,120.62000274658203,1454900
2023-12-04,117.44204711914062,118.91999816894531,119.55000305175781,118.05000305175781,119.0,1946900
2023-12-05,116.83963775634766,118.30999755859375,118.94000244140625,115.88500213623047,118.70500183105469,1805900
2023-12-06,111.230224609375,112.62999725341797,119.66999816894531,112.22000122070312,119.33999633789062,2629800
2023-12-07,109.15631866455078,110.52999877929688,113.44000244140625,109.44999694824219,113.26000213623047,3497000
2023-12-08,109.82786560058594,111.20999908447266,111.61000061035156,109.6500015258789,109.98999786376953,2627300
2023-12-11,114.70648193359375,116.1500015258789,116.30000305175781,110.66999816894531,111.55000305175781,2582900
2023-12-12,113.06710815429688,114.48999786376953,116.4000015258789,113.8499984741211,116.16000366210938,1846200
2023-12-13,114.98300170898438,116.43000030517578,116.75,113.52999877929688,114.58999633789062,1731100
2023-12-14,114.1633071899414,115.5999984741211,117.80999755859375,115.37000274658203,116.63999938964844,2456400
2023-12-15,117.274169921875,118.75,120.87000274658203,115.61000061035156,115.66999816894531,6046800
2023-12-18,117.87657165527344,119.36000061035156,121.54000091552734,118.91000366210938,119.56999969482422,2019800
2023-12-19,119.30855560302734,120.80999755859375,121.05000305175781,119.25499725341797,119.7699966430664,1012700
2023-12-20,115.55580139160156,117.01000213623047,120.125,117.0,119.83000183105469,1324300
2023-12-21,116.83963775634766,118.30999755859375,118.43000030517578,116.80999755859375,117.48999786376953,904600
2023-12-22,113.89666748046875,115.33000183105469,117.9800033569336,114.0199966430664,115.0,1188400
2023-12-26,116.10882568359375,117.56999969482422,117.83999633789062,115.58999633789062,115.58999633789062,740700
2023-12-27,115.96068572998047,117.41999816894531,117.76000213623047,116.87999725341797,117.27999877929688,541300
2023-12-28,115.65454864501953,117.11000061035156,118.77999877929688,116.94999694824219,118.70999908447266,559700
2023-12-29,115.43728637695312,116.88999938964844,117.2699966430664,115.93000030517578,116.7300033569336,849900
2024-01-02,113.81765747070312,115.25,117.2300033569336,114.97000122070312,116.4000015258789,1362800
2024-01-03,114.41021728515625,115.8499984741211,117.16600036621094,115.5,115.5,1372400
2024-01-04,113.92630004882812,115.36000061035156,117.10900115966797,115.0,116.20999908447266,1348900
2024-01-05,114.79536437988281,116.23999786376953,117.66200256347656,115.11000061035156,115.11000061035156,1729900
2024-01-08,115.5755386352539,117.02999877929688,117.16000366210938,115.02999877929688,116.19000244140625,1351700
2024-01-09,115.04225158691406,116.48999786376953,116.93000030517578,115.16999816894531,116.44000244140625,1514000
2024-01-10,114.41021728515625,115.8499984741211,116.43000030517578,114.96499633789062,116.0199966430664,1090500
2024-01-11,111.50675201416016,112.91000366210938,115.29000091552734,111.4800033569336,115.0,1609300
2024-01-12,111.50675201416016,112.91000366210938,114.41999816894531,112.73999786376953,113.94000244140625,1556900
2024-01-16,110.42041778564453,111.80999755859375,112.83499908447266,111.30000305175781,112.37000274658203,1417000
2024-01-17,110.52903747558594,111.91999816894531,112.0,109.44000244140625,111.2300033569336,1484500
2024-01-18,110.025390625,111.41000366210938,111.9000015258789,110.25,111.37000274658203,1614900
2024-01-19,113.02759552001953,114.44999694824219,114.61000061035156,111.44999694824219,111.44999694824219,1684200
2024-01-22,115.7532958984375,117.20999908447266,117.375,114.33000183105469,114.45999908447266,1876700
2024-01-23,117.21491241455078,118.69000244140625,120.55999755859375,117.16000366210938,117.7300033569336,1929400
2024-01-24,114.2324447631836,115.66999816894531,119.5199966430664,115.33999633789062,119.13999938964844,1514600
2024-01-25,119.05178833007812,120.55000305175781,120.58999633789062,117.04000091552734,117.9000015258789,1425800
2024-01-26,119.7628402709961,121.2699966430664,122.41000366210938,120.06999969482422,120.06999969482422,1558800
2024-01-29,119.50607299804688,121.01000213623047,121.74199676513672,120.00499725341797,121.08999633789062,1801500
2024-01-30,120.3652572631836,121.87999725341797,122.30999755859375,120.69999694824219,121.33000183105469,1285500
2024-01-31,120.4837646484375,122.0,124.18000030517578,121.36499786376953,122.77999877929688,1666100
2024-02-01,126.04379272460938,127.62999725341797,127.69999694824219,122.0,122.0,1937400
2024-02-02,128.09796142578125,129.7100067138672,133.07000732421875,126.43000030517578,127.01000213623047,3781700
2024-02-05,125.45125579833984,127.02999877929688,128.4199981689453,125.8499984741211,127.9000015258789,1878000
2024-02-06,129.3817596435547,131.00999450683594,131.4949951171875,127.19000244140625,127.76000213623047,2656900
2024-02-07,130.85330200195312,132.5,133.8000030517578,130.80999755859375,131.9600067138672,2087600
2024-02-08,129.0953826904297,130.72000122070312,133.97000122070312,130.1699981689453,132.5500030517578,1228700
2024-02-09,130.52735900878906,132.1699981689453,132.50999450683594,130.0,130.02000427246094,1245300
2024-02-12,126.91285705566406,128.50999450683594,132.19000244140625,127.95999908447266,131.82000732421875,1206900
2024-02-13,126.32032012939453,127.91000366210938,128.80999755859375,126.7300033569336,127.91000366210938,1503700
2024-02-14,127.07088470458984,128.6699981689453,129.43499755859375,127.69000244140625,128.3000030517578,1372300
2024-02-15,129.86570739746094,131.5,131.6199951171875,128.8300018310547,129.9199981689453,1348900
2024-02-16,129.52992248535156,131.16000366210938,132.66000366210938,130.49000549316406,131.25999450683594,1295700
2024-02-20,130.16197204589844,131.8000030517578,132.05999755859375,129.38999938964844,131.0,2121200
2024-02-21,129.76693725585938,131.39999389648438,132.58099365234375,130.13999938964844,132.2899932861328,983400
2024-02-22,131.7322235107422,133.38999938964844,134.05999755859375,131.64999389648438,132.39999389648438,1529900
2024-02-23,132.32476806640625,133.99000549316406,134.14999389648438,131.35000610351562,133.49000549316406,2052200
2024-02-26,131.56434631347656,133.22000122070312,135.1999969482422,132.92999267578125,134.67999267578125,1494700
2024-02-27,153.82420349121094,155.75999450683594,156.6699981689453,135.0,135.0,4888300
2024-02-28,168.70692443847656,170.8300018310547,170.97999572753906,156.5,158.47999572753906,8227500
2024-02-29,166.35647583007812,168.4499969482422,171.30599975585938,163.3699951171875,171.17999267578125,4536900
2024-03-01,167.87734985351562,169.99000549316406,170.30999755859375,165.0500030517578,167.0399932861328,4557600
2024-03-04,173.8027801513672,175.99000549316406,177.03500366210938,169.6199951171875,172.9600067138672,3818200
2024-03-05,174.5730743408203,176.77000427246094,185.5800018310547,175.4199981689453,177.38999938964844,4323800
2024-03-06,177.74317932128906,179.97999572753906,180.80999755859375,175.00999450683594,176.77000427246094,2073600
2024-03-07,177.69668579101562,179.5800018310547,182.0500030517578,176.2100067138672,181.75,1967800
2024-03-08,168.78118896484375,170.57000732421875,179.8300018310547,168.4600067138672,179.5800018310547,3196900
2024-03-11,166.1490936279297,167.91000366210938,170.9600067138672,166.39999389648438,170.30999755859375,2601700
2024-03-12,166.604248046875,168.3699951171875,169.05999755859375,164.1999969482422,166.57000732421875,2617000
2024-03-13,166.099609375,167.86000061035156,171.30999755859375,166.44000244140625,171.24000549316406,1639000
2024-03-14,162.9133758544922,164.63999938964844,168.38999938964844,163.27000427246094,167.85000610351562,3012300
2024-03-15,163.78414916992188,165.52000427246094,168.38999938964844,162.6699981689453,164.17999267578125,4532000
2024-03-18,167.0693359375,168.83999633789062,171.0800018310547,166.19000244140625,167.69000244140625,2006800
2024-03-19,170.6018829345703,172.41000366210938,174.00999450683594,168.25999450683594,169.0,1922200
2024-03-20,173.86727905273438,175.7100067138672,176.77000427246094,172.6510009765625,172.9199981689453,1969200
2024-03-21,172.30384826660156,174.1300048828125,177.80999755859375,172.3699951171875,177.4600067138672,2212100
2024-03-22,176.37074279785156,178.24000549316406,178.3699951171875,174.21499633789062,175.0,1608400
2024-03-25,185.296142578125,187.25999450683594,189.0500030517578,179.5399932861328,180.0,3570600
2024-03-26,183.46554565429688,185.41000366210938,198.8300018310547,184.47999572753906,189.89999389648438,4228700
2024-03-27,182.95098876953125,184.88999938964844,190.1199951171875,182.33999633789062,188.0800018310547,2452100
2024-03-28,182.9114227294922,184.85000610351562,186.8300018310547,183.3350067138672,185.02999877929688,2050800
2024-04-01,184.02955627441406,185.97999572753906,188.80999755859375,183.39999389648438,186.02999877929688,1977500
2024-04-02,186.15704345703125,188.1300048828125,188.3699951171875,184.1199951171875,184.68499755859375,1875500
2024-04-03,188.26466369628906,190.25999450683594,193.2100067138672,186.8699951171875,188.47999572753906,2555800
2024-04-04,181.1896514892578,183.11000061035156,195.5,182.9600067138672,193.44000244140625,3747800
2024-04-05,191.05511474609375,193.0800018310547,194.85000610351562,181.4199981689453,182.32000732421875,4331400
2024-04-08,189.96664428710938,191.97999572753906,197.63999938964844,188.11000061035156,194.86500549316406,1663500
2024-04-09,186.12733459472656,188.10000610351562,194.83999633789062,185.0500030517578,192.60000610351562,1958600
2024-04-10,189.07606506347656,191.0800018310547,193.8300018310547,182.5,183.5,3861900
2024-04-11,190.85719299316406,192.8800048828125,194.27999877929688,190.0,191.57000732421875,2267300
2024-04-12,189.659912109375,191.6699981689453,193.25,190.35000610351562,191.9600067138672,1801900
2024-04-15,183.45562744140625,185.39999389648438,196.0,184.77999877929688,194.08999633789062,2531500
2024-04-16,184.69253540039062,186.64999389648438,188.27499389648438,183.11000061035156,185.02999877929688,2982700
2024-04-17,183.45562744140625,185.39999389648438,189.0399932861328,182.6300048828125,187.9199981689453,3282900
2024-04-18,181.93179321289062,183.86000061035156,188.26800537109375,183.08999633789062,186.1300048828125,1654200
2024-04-19,179.00283813476562,180.89999389648438,185.9600067138672,177.64999389648438,183.3000030517578,3442500
2024-04-22,181.2985382080078,183.22000122070312,183.85000610351562,178.2100067138672,181.60000610351562,2327500
2024-04-23,186.2757568359375,188.25,189.75,183.97000122070312,183.97000122070312,2387300
2024-04-24,184.20770263671875,186.16000366210938,194.3699951171875,183.64700317382812,186.72999572753906,2266400
2024-04-25,186.03826904296875,188.00999450683594,190.5290069580078,185.40499877929688,185.60000610351562,2908900
2024-04-26,186.39450073242188,188.3699951171875,189.3800048828125,185.6300048828125,186.9149932861328,1826600
2024-04-29,186.63198852539062,188.61000061035156,190.4199981689453,186.13999938964844,188.42999267578125,2205500
2024-04-30,183.98997497558594,185.94000244140625,189.39999389648438,185.7100067138672,188.61000061035156,2173200
2024-05-01,182.62445068359375,184.55999755859375,188.2050018310547,183.9199981689453,186.25,2717000
2024-05-02,184.2274627685547,186.17999267578125,187.17999267578125,183.60000610351562,185.0,3071000
2024-05-03,192.8164520263672,194.86000061035156,197.27000427246094,188.0,189.3300018310547,3480200
2024-05-06,195.62664794921875,197.6999969482422,198.91000366210938,194.1199951171875,197.75,2708000
2024-05-07,198.4566650390625,200.55999755859375,205.0800018310547,197.35000610351562,198.6999969482422,2797300
2024-05-08,205.81863403320312,208.0,208.27000427246094,198.11000061035156,198.5399932861328,3992100
2024-05-09,213.6456756591797,215.91000366210938,215.9499969482422,203.0,205.42999267578125,4313500
2024-05-10,212.6759490966797,214.92999267578125,220.52000427246094,211.86000061035156,220.52000427246094,2744700
2024-05-13,211.34999084472656,213.58999633789062,218.6750030517578,212.58999633789062,217.0,1919300
2024-05-14,215.4564971923828,217.74000549316406,217.91000366210938,210.77000427246094,214.57000732421875,1951000
2024-05-15,220.9680633544922,223.30999755859375,224.72000122070312,219.75999450683594,220.13999938964844,2682200
2024-05-16,214.0711669921875,216.33999633789062,224.8000030517578,216.24000549316406,223.72999572753906,3539800
2024-05-17,210.8750457763672,213.11000061035156,217.71200561523438,209.91000366210938,216.36000061035156,3057300
2024-05-20,212.8144989013672,215.07000732421875,215.24000549316406,211.14999389648438,213.9499969482422,2326200
2024-05-21,220.255615234375,222.58999633789062,222.6699981689453,215.5,215.92999267578125,1881100
2024-05-22,217.8016357421875,220.11000061035156,224.40499877929688,217.86000061035156,222.10000610351562,1573700
2024-05-23,218.8406219482422,221.16000366210938,228.0500030517578,220.74000549316406,223.77999877929688,2658300
2024-05-24,228.21131896972656,230.6300048828125,236.3000030517578,221.63999938964844,223.30999755859375,2672000
2024-05-28,228.84461975097656,231.27000427246094,234.77999877929688,221.82000732421875,232.74000549316406,2602200
2024-05-29,218.75894165039062,220.74000549316406,228.8800048828125,218.88999938964844,226.77999877929688,3809400
2024-05-30,222.94107055664062,224.9600067138672,225.2899932861328,220.0,222.3300018310547,2037800
2024-05-31,215.3002471923828,217.25,224.47999572753906,208.0,224.05999755859375,5618300
2024-06-03,206.3909454345703,208.25999450683594,217.1999969482422,204.0500030517578,215.5,4922600
2024-06-04,201.31687927246094,203.13999938964844,208.5,196.83999633789062,206.99000549316406,4666700
2024-06-05,207.4513397216797,209.3300018310547,212.85000610351562,204.4499969482422,204.49000549316406,4502200
2024-06-06,200.78172302246094,202.60000610351562,209.80999755859375,196.2100067138672,209.5,4842100
2024-06-07,196.2230224609375,198.0,204.0,197.52000427246094,202.0800018310547,4558700
2024-06-10,212.7037811279297,214.6300048828125,214.77000427246094,198.1320037841797,199.52999877929688,5719100
2024-06-11,216.35073852539062,218.30999755859375,219.55999755859375,210.4499969482422,211.16000366210938,3701900
2024-06-12,216.17237854003906,218.1300048828125,221.77000427246094,212.14999389648438,221.27000427246094,3137900
2024-06-13,217.95619201660156,219.92999267578125,220.36000061035156,214.1199951171875,220.30999755859375,2238200
2024-06-14,212.97132873535156,214.89999389648438,218.8699951171875,210.9600067138672,218.8000030517578,2373800
2024-06-17,210.1171875,212.02000427246094,214.72000122070312,208.7100067138672,213.8699951171875,3321100
2024-06-18,218.43190002441406,220.41000366210938,221.1999969482422,209.11500549316406,212.7899932861328,2714700
2024-06-20,220.31483459472656,222.30999755859375,227.77000427246094,219.2899932861328,223.82000732421875,3075100
2024-06-21,216.17237854003906,218.1300048828125,224.5800018310547,215.74000549316406,223.0,5511600
2024-06-24,214.16058349609375,216.10000610351562,220.85000610351562,215.3509979248047,218.0,2474100
2024-06-25,220.37429809570312,222.3699951171875,222.4600067138672,214.17999267578125,216.5,2221900
2024-06-26,208.4225616455078,210.30999755859375,222.1999969482422,207.4499969482422,220.57000732421875,4237000
2024-06-27,202.94216918945312,204.77999877929688,207.9199981689453,201.25999450683594,207.58999633789062,4733600
2024-06-28,198.47264099121094,200.27000427246094,207.3000030517578,199.44000244140625,205.25,10579100
2024-07-01,203.20974731445312,205.0500030517578,213.58999633789062,203.13999938964844,208.19000244140625,4168400
2024-07-02,204.2998504638672,206.14999389648438,211.8000030517578,203.10000610351562,203.4600067138672,1905300
2024-07-03,208.1846923828125,210.07000732421875,212.42999267578125,202.00999450683594,205.30999755859375,1612700
2024-07-05,209.3937225341797,211.2899932861328,212.75999450683594,208.07000732421875,210.0,1601600
2024-07-08,213.7938995361328,215.72999572753906,216.42999267578125,211.25,211.8300018310547,1634400
2024-07-09,214.02183532714844,215.9600067138672,222.3699951171875,215.05999755859375,217.0399932861328,1773200
2024-07-10,217.57960510253906,219.5500030517578,219.9600067138672,213.74000549316406,218.17999267578125,2584300
2024-07-11,214.8939208984375,216.83999633789062,220.54299926757812,215.19000244140625,219.55999755859375,2438200
2024-07-12,215.1912384033203,217.13999938964844,221.13999938964844,212.3070068359375,216.25999450683594,1760700
2024-07-15,210.96946716308594,212.8800048828125,219.64999389648438,211.63800048828125,217.0,2164300
2024-07-16,203.04127502441406,204.8800048828125,215.00999450683594,204.05999755859375,214.13999938964844,4049600
2024-07-17,184.9947052001953,186.6699981689453,203.05999755859375,185.77000427246094,202.1300048828125,6748700
2024-07-18,185.59922790527344,187.27999877929688,192.83999633789062,178.07000732421875,190.3699951171875,5484900
2024-07-19,187.60108947753906,189.3000030517578,189.94000244140625,186.39999389648438,188.02000427246094,2827000
2024-07-22,188.71104431152344,190.4199981689453,196.82000732421875,188.61000061035156,192.24000549316406,1868800
2024-07-23,188.16595458984375,189.8699951171875,192.16200256347656,188.3000030517578,189.6699981689453,1856600
2024-07-24,173.5087127685547,175.0800018310547,188.2899932861328,174.6999969482422,188.2899932861328,4910100
2024-07-25,168.90042114257812,170.42999267578125,176.83999633789062,165.8699951171875,176.6999969482422,5542000
2024-07-26,173.4690704345703,175.0399932861328,177.07000732421875,171.44000244140625,176.5399932861328,3469300
2024-07-29,171.1302490234375,172.67999267578125,177.14999389648438,171.1280059814453,176.0500030517578,2100100
2024-07-30,167.17605590820312,168.69000244140625,175.02999877929688,165.75,173.47000122070312,3517100
2024-07-31,188.0966033935547,189.8000030517578,196.5,183.0,193.27999877929688,7483700
2024-08-01,175.9763641357422,177.57000732421875,194.27000427246094,176.6199951171875,188.29200744628906,4482100
2024-08-02,165.5805206298828,167.0800018310547,175.3300018310547,161.43800354003906,174.47000122070312,6099200
2024-08-05,168.444580078125,169.97000122070312,172.75999450683594,155.60000610351562,156.24000549316406,5430800
2024-08-06,179.41522216796875,181.0399932861328,183.8300018310547,168.38999938964844,173.63999938964844,6322100
2024-08-07,178.04762268066406,179.66000366210938,190.08999633789062,176.89999389648438,190.08999633789062,6154900
2024-08-08,185.35147094726562,187.02999877929688,187.6300048828125,176.4199981689453,183.25,3338800
2024-08-09,188.16595458984375,189.8699951171875,190.10000610351562,183.07000732421875,187.0800018310547,3204000
2024-08-12,185.99456787109375,187.3300018310547,190.8300018310547,183.6999969482422,190.0,2232300
2024-08-13,188.05975341796875,189.41000366210938,190.85000610351562,187.07000732421875,189.33999633789062,2349000
2024-08-14,184.82298278808594,186.14999389648438,189.88999938964844,182.2100067138672,188.9600067138672,2327900
2024-08-15,189.03274536132812,190.38999938964844,192.5800018310547,185.49000549316406,186.39999389648438,4241900
2024-08-16,188.6256866455078,189.97999572753906,191.36000061035156,185.8300018310547,191.22000122070312,2572300
2024-08-19,191.40573120117188,192.77999877929688,192.8800048828125,185.55999755859375,189.61000061035156,2025100
2024-08-20,189.3603973388672,190.72000122070312,193.5,189.63900756835938,193.0,2507000
2024-08-21,195.33750915527344,196.74000549316406,197.3300018310547,190.97999572753906,191.47999572753906,2404200
2024-08-22,193.56024169921875,194.9499969482422,198.80799865722656,194.7100067138672,195.57000732421875,1520300
2024-08-23,193.5999755859375,194.99000549316406,197.3300018310547,192.52000427246094,195.00999450683594,2683300
2024-08-26,193.50067138671875,194.88999938964844,197.99000549316406,193.0800018310547,195.5,1953400
2024-08-27,194.74176025390625,196.13999938964844,198.3000030517578,193.57000732421875,194.88999938964844,1703200
2024-08-28,192.38865661621094,193.77000427246094,197.4499969482422,192.41000366210938,197.19000244140625,2493200
2024-08-29,193.05389404296875,194.44000244140625,199.11000061035156,192.30999755859375,195.91000366210938,2463800
2024-08-30,195.29779052734375,196.6999969482422,197.80999755859375,195.14999389648438,195.25999450683594,2239400
2024-09-03,176.5126495361328,177.77999877929688,195.8000030517578,177.17999267578125,195.5,4252300
2024-09-04,176.2545166015625,177.52000427246094,182.75,176.0,177.67999267578125,3310400
2024-09-05,174.81483459472656,176.07000732421875,179.75,175.11000061035156,177.97000122070312,2444900
2024-09-06,171.87594604492188,173.11000061035156,176.63999938964844,171.94000244140625,175.80999755859375,3390300
2024-09-09,173.6730499267578,174.9199981689453,176.35000610351562,171.0399932861328,176.35000610351562,2184400
2024-09-10,178.96505737304688,180.25,181.2050018310547,173.86000061035156,176.85000610351562,2301800
2024-09-11,185.91514587402344,187.25,188.14999389648438,179.14500427246094,181.52999877929688,2846900
2024-09-12,188.57601928710938,189.92999267578125,191.67999267578125,184.19000244140625,187.0,2154600
2024-09-13,194.58290100097656,195.97999572753906,197.80999755859375,189.17999267578125,191.4499969482422,2613600
2024-09-16,197.82962036132812,199.25,199.52999877929688,192.69000244140625,195.0,2264000
2024-09-17,199.7954864501953,201.22999572753906,204.6999969482422,198.25,200.0,2881700
2024-09-18,198.90191650390625,200.3300018310547,204.9530029296875,198.4199981689453,201.9600067138672,1796000
2024-09-19,207.01365661621094,208.5,208.63999938964844,202.47000122070312,205.11000061035156,3432600
2024-09-20,253.16232299804688,254.97999572753906,255.24000549316406,233.0,235.16000366210938,15031400
2024-09-23,255.2870330810547,257.1199951171875,271.8500061035156,252.11000061035156,259.55999755859375,10270000
2024-09-24,251.6829376220703,253.49000549316406,259.44000244140625,251.08799743652344,254.0800018310547,4562700
2024-09-25,260.9861145019531,262.8599853515625,267.0899963378906,253.24000549316406,254.44000244140625,6246200
2024-09-26,254.93955993652344,256.7699890136719,270.1199951171875,254.5,263.8299865722656,4072200
2024-09-27,255.16790771484375,257.0,262.3999938964844,255.33999633789062,257.17999267578125,2598100
2024-09-30,258.1663818359375,260.0199890136719,261.1199951171875,251.27499389648438,257.75,2899300
2024-10-01,263.7165222167969,265.6099853515625,266.0,253.9600067138672,259.1000061035156,3179800
2024-10-02,263.4881896972656,265.3800048828125,269.7200012207031,261.6499938964844,264.9100036621094,3233600
2024-10-03,275.3927001953125,277.3699951171875,279.510009765625,268.0,272.1499938964844,4274200
2024-10-04,283.4845886230469,285.5199890136719,286.0,275.6000061035156,277.9100036621094,3829200
2024-10-07,276.57421875,278.55999755859375,288.75299072265625,274.0,285.0,3477000
2024-10-08,277.3983459472656,279.3900146484375,281.3999938964844,273.1000061035156,278.8900146484375,2599100
2024-10-09,260.4102783203125,262.2799987792969,276.04998779296875,257.5,276.04998779296875,5235800
2024-10-10,260.4400634765625,262.30999755859375,267.760009765625,259.0299987792969,261.05999755859375,2733500
2024-10-11,264.32220458984375,266.2200012207031,266.8999938964844,249.0500030517578,256.3900146484375,4477700
2024-10-14,269.8028259277344,271.739990234375,272.82000732421875,265.2099914550781,267.57000732421875,2229300
2024-10-15,264.2526550292969,266.1499938964844,269.79998779296875,262.3399963378906,269.79998779296875,3000900
2024-10-16,277.8053894042969,279.79998779296875,280.239990234375,264.1199951171875,268.2200012207031,2469300
2024-10-17,269.2666931152344,271.20001220703125,285.0,270.5400085449219,285.0,3209900
2024-10-18,268.2341003417969,270.1600036621094,272.5799865722656,265.0,267.7799987792969,1708800
2024-10-21,271.7687072753906,273.7200012207031,274.1199951171875,268.010009765625,273.0799865722656,1650900
2024-10-22,264.103759765625,266.0,271.42498779296875,265.8500061035156,270.3699951171875,2134100
2024-10-23,264.15338134765625,266.04998779296875,267.9259948730469,262.6099853515625,265.0,2633700
2024-10-24,262.61444091796875,264.5,267.79998779296875,262.57000732421875,267.7900085449219,1553700
2024-10-25,262.52508544921875,264.4100036621094,269.739990234375,263.0899963378906,269.0,2016200
2024-10-28,265.0767822265625,266.9800109863281,271.19000244140625,265.010009765625,266.8900146484375,1542500
2024-10-29,263.1108703613281,265.0,267.2300109863281,261.70001220703125,266.2799987792969,1829700
2024-10-30,259.913818359375,261.7799987792969,268.0,261.42999267578125,266.8800048828125,1831000
2024-10-31,261.0854187011719,262.9599914550781,264.19000244140625,259.3500061035156,261.739990234375,2290900
2024-11-01,256.2601013183594,258.1000061035156,264.7699890136719,256.82000732421875,262.7300109863281,2804500
2024-11-04,224.33924865722656,225.9499969482422,235.4980010986328,224.67999267578125,232.5,10719400
2024-11-05,232.08364868164062,233.75,236.86000061035156,227.0,230.35000610351562,6347400
2024-11-06,233.3148193359375,234.99000549316406,242.0,233.75999450683594,238.82000732421875,4790100
2024-11-07,239.86776733398438,241.58999633789062,248.35000610351562,238.39700317382812,242.52000427246094,4154900
2024-11-08,237.66358947753906,239.3699951171875,248.0,236.8300018310547,243.25,5162100
2024-11-11,235.5785675048828,237.27000427246094,243.91000366210938,234.2899932861328,241.99000549316406,3382100
2024-11-12,227.0696563720703,228.6999969482422,235.97999572753906,225.69000244140625,235.44000244140625,4460000
2024-11-13,224.3491973876953,225.9600067138672,232.77000427246094,225.61000061035156,231.0,2979500
2024-11-14,223.77333068847656,225.3800048828125,231.5399932861328,225.1199951171875,228.1999969482422,2513200
2024-11-15,223.03048706054688,224.27999877929688,227.75,221.66000366210938,224.85000610351562,2717400
2024-11-18,228.99703979492188,230.27999877929688,232.0399932861328,221.17999267578125,225.99000549316406,3293200
2024-11-19,233.2731170654297,234.5800018310547,234.88999938964844,226.10000610351562,226.30499267578125,2197500
2024-11-20,234.10841369628906,235.4199981689453,241.47999572753906,232.13999938964844,238.13999938964844,2567600
2024-11-21,250.4369354248047,251.83999633789062,252.19000244140625,234.11000061035156,237.30999755859375,3586400
2024-11-22,248.497802734375,249.88999938964844,253.22999572753906,245.02999877929688,251.2100067138672,2471600
2024-11-25,247.5431365966797,248.92999267578125,255.61000061035156,243.0,253.5,3459600
2024-11-26,265.2440185546875,266.7300109863281,267.1300048828125,249.1999969482422,249.5500030517578,3881600
2024-11-27,251.97830200195312,253.38999938964844,266.0,250.85000610351562,265.0,2298200
2024-11-29,255.13063049316406,256.55999755859375,260.78900146484375,255.1999969482422,257.9800109863281,1185700
2024-12-02,248.1895294189453,249.5800018310547,258.44000244140625,249.50999450683594,257.0,1908400
2024-12-03,246.1310577392578,247.50999450683594,254.17999267578125,246.5800018310547,251.4709930419922,1784600
2024-12-04,252.78378295898438,254.1999969482422,257.6600036621094,251.0,252.67999267578125,2701200
2024-12-05,254.6632537841797,256.0899963378906,259.760009765625,253.10000610351562,253.72000122070312,2118200
2024-12-06,252.2169647216797,253.6300048828125,258.57000732421875,250.4199981689453,256.45001220703125,1329700
2024-12-09,238.51373291015625,239.85000610351562,254.0,236.3300018310547,253.7899932861328,3262400
2024-12-10,231.0455780029297,232.33999633789062,239.5,230.7100067138672,237.8800048828125,2771500
2024-12-11,235.28184509277344,236.60000610351562,239.447998046875,232.1199951171875,234.77000427246094,2386700
2024-12-12,237.68836975097656,239.02000427246094,248.1300048828125,238.9199981689453,242.9600067138672,2822000
2024-12-13,237.7381134033203,239.07000732421875,243.4199981689453,236.5,241.99000549316406,2004800
2024-12-16,237.966796875,239.3000030517578,243.6999969482422,237.2480010986328,240.0500030517578,1974400
2024-12-17,232.93499755859375,234.24000549316406,238.0800018310547,228.86000061035156,237.66000366210938,2506500
2024-12-18,224.50222778320312,225.75999450683594,236.99000549316406,224.77000427246094,234.32000732421875,3173700
2024-12-19,223.91551208496094,225.1699981689453,233.7899932861328,224.97999572753906,228.86000061035156,3626800
2024-12-20,225.75521850585938,227.02000427246094,231.6999969482422,219.63999938964844,221.82000732421875,4985400
2024-12-23,227.00819396972656,228.27999877929688,229.36000061035156,221.6999969482422,227.0,1935200
2024-12-24,228.50978088378906,229.7899932861328,230.11000061035156,227.156005859375,229.2449951171875,978400
2024-12-26,227.36619567871094,228.63999938964844,230.22999572753906,227.31900024414062,228.57000732421875,920500
2024-12-27,225.2778778076172,226.5399932861328,228.17999267578125,222.74000549316406,228.17999267578125,1466000
2024-12-30,225.0591278076172,226.32000732421875,229.0,222.25,223.52000427246094,1587100
2024-12-31,222.46365356445312,223.7100067138672,227.02999877929688,222.8800048828125,226.35000610351562,1885700
